<?xml version="1.0" encoding="UTF-8" standalone="no"?>

<!--UGC_VERSION = 1024-->
<XML_DOCUMENT xmlns:SOAP-ENC="http://schemas.xmlsoap.org/soap/encoding/">
    <PTC_HEADER>
        <VENDOR>Parametric Technology Corporation</VENDOR>
        <PRODUCT>Creo Parametric 3302012060</PRODUCT>
        <XML_VERSION>1.0</XML_VERSION>
        <HOST_NAME>WLE13HBV</HOST_NAME>
        <USER>101107</USER>
        <MACHINE_TYPE> Intel64 Family 6 Model 58 Stepping 9  GenuineIntel  2990 MHz</MACHINE_TYPE>
    </PTC_HEADER>
    <zip_manifest_info pointer="TRUE" proe_version="1607" top_model_wname="Y.ASM"/>
</XML_DOCUMENT>
